name,actual_price,discount_price,rating,brand,processor,ram,storage_type,storage_size
Hp 255 AMD Athlon Gold 8GB RAM 2.4GHz To 3.3GHz 1TB HDD Windows 11 Pro + Free Mouse,289900.0,265500.0,4.3,Hp,255 AMD,8GB RAM,HDD,8GB
Hp 15 Intel Pentium Silver 8GB RAM 1TB HDD Windows 10 + Free Mouse,338000.0,291000.0,4.4,Hp,Intel Pentium,8GB RAM,HDD,8GB
Hp Stream 11-Intel Celeron 64GB SSD 4GB Ram+pouch Mouse,150000.0,104000.0,4.5,Hp,Intel Celeron,,SSD,64GB
Hp 255 AMD Athlon Gold 12GB RAM 2.4GHz To 3.3GHz 1TB HDD Windows 11 Pro + Free Mouse,299950.0,280500.0,4.6,Hp,255 AMD,12GB RAM,HDD,12GB
Lenovo AMD RYZEN 3 1TB 8GB RAM 1TB HDD 2.6 To 3.4ghz Win 10+32GB Flash,272800.0,260600.0,4.1,Lenovo,Lenovo AMD,8GB RAM,HDD,1TB
Lenovo V15 Intel Core I3 12GB RAM 1TB HDD Win 11 Pro +Led Lamp For Keyboard,310000.0,300600.0,4.1,Lenovo,Intel Core,12GB RAM,HDD,12GB
Hp ProBook 11 X360- TOUCH- 512GB SSD 4GB RAM-Intel CELERON QUAD CORE WIN10 Pro +Mouse &USB Light,191200.0,185000.0,3.8,Hp,Intel CELERON QUAD CORE,4GB RAM,SSD,512GB
"DELL CHROMEBOOK 11, 4GB RAM, 16GB SSD + 32GBFLASH",120000.0,90000.0,3.5,DELL,,4GB RAM,SSD,4GB
"Hp 14 Intel Celeron N4020 14.1"" 8GB RAM 1TB HDD Win 10 + 32gb Flash And Led Lamp",269900.0,248900.0,4.3,Hp,Intel Celeron,8GB RAM,HDD,8GB
Hp EliteBook 840 G5 Intel Core I5-16GB RAM 1TB SSD Backlit Keyboard FP Reader Windows 11 Pro + BAG,575000.0,375000.0,4.6,Hp,Intel Core,16GB RAM,SSD,16GB
Hp EliteBook 840 G5 Core I5 16GB RAM 1TB SSD Backlit FP Reader Win11,796500.0,395000.0,4.3,Hp,G5 Core,16GB RAM,SSD,16GB
Hp ProBook 11 X360- TOUCH- 512GB SSD 4GB RAM-Intel CELERON QUAD CORE WIN10 Pro +Mouse &USB Light,195000.0,174000.0,4.1,Hp,Intel CELERON QUAD CORE,4GB RAM,SSD,512GB
Hp ProBook 11 X360- Intel Pentium 256GB SSD-TOUCHSCREEN 4GB RAM Windows10 Pro + Laptop Pouch,175000.0,165000.0,3.8,Hp,Intel Pentium,4GB RAM,SSD,256GB
Hp Stream 11 Pro- Intel Celeron - 4GB RAM - 64GB SSD Windows 10 Pro+ Mouse & USB LIGHT FOR Keyboard,380000.0,103000.0,4.1,Hp,Intel Celeron,4GB RAM,SSD,4GB
"Lenovo Ideapad Intel Celeron,4GB 500GB Windows 10 +Free Mouse",195950.0,185900.0,4.1,Lenovo,Intel Celeron,,,4GB
Lenovo Ideapad Intel Celeron 1TB HDD 4GB RAM Win 10 PRO + 32GB Flash& Led Lamp,218500.0,192900.0,4.3,Lenovo,Intel Celeron,4GB RAM,HDD,1TB
"Lenovo IDEAPAD 15 12TH GEN, INTEL CORE I3 12GB RAM 256GB SSD 15.6""FHD WINDOWS 11+ Mouse",370000.0,332975.0,4.4,Lenovo,,12GB RAM,SSD,12GB
Hp EliteBook 840 G5 Intel Core I5-16GB RAM 1TB SSD Backlit Keyboard FP Reader Windows 11 Pro + MOUSE,655000.0,396000.0,4.8,Hp,Intel Core,16GB RAM,SSD,16GB
Lenovo V15 Intel Core I3 8GB RAM 1TB HDD Wins 10 Pro +Free Led Lamp,315500.0,275500.0,4.1,Lenovo,Intel Core,8GB RAM,HDD,8GB
Hp EliteBook 840 G5 Intel Core I5-16GB RAM 1TB SSD Backlit Keyboard FP Reader Windows 11 Pro + BAG,575000.0,375000.0,3.9,Hp,Intel Core,16GB RAM,SSD,16GB
"DELL LATITUDE 3189,X360 INTEL PENTIUM,8GB RAM,128GB SSD TOUCH +MOUSE WIN 11",200000.0,199000.0,3.7,DELL,,8GB RAM,SSD,8GB
Hp EliteBook 840 G5 Intel Core I5-16GB RAM 512GB SSD Backlit Keyboard FP Reader Wins 11 Laptop +BAG,502999.0,360000.0,4.6,Hp,Intel Core,16GB RAM,SSD,16GB
Hp Stream 11 Intel Celeron 4GB RAM-64GB SSD WIN 10+Flash LIGHT,150000.0,140000.0,3.9,Hp,Intel Celeron,4GB RAM,SSD,4GB
"Lenovo IDEAPAD SLIM 1 INTEL CELERON 4GB RAM 128 GB EMMC 11.6"" HD WINS 10+ Mouse",191250.0,175000.0,4.5,Lenovo,,4GB RAM,,4GB
"DELL Latitude 3150 Intel Pentium 8GB RAM, 500GB HDD Windows 10 + Keyboard Flash Light",210000.0,170000.0,3.5,DELL,Intel Pentium,8GB RAM,HDD,8GB
Hp EliteBook 840 G5 Intel Core I5-16GB RAM 1TB SSD Backlit Keyboard FP Reader Wins 11 Pro Laptop +BAG,600000.0,375000.0,4.5,Hp,Intel Core,16GB RAM,SSD,16GB
Lenovo Ideapad Intel Celeron N4000  4GB RAM 500GB HDD Wins 10,197000.0,185000.0,4.4,Lenovo,Intel Celeron,4GB RAM,HDD,4GB
Hp Stream 11 Intel Celeron 4GB RAM 64GB SSD WIN 10,150000.0,130000.0,3.5,Hp,Intel Celeron,4GB RAM,SSD,4GB
Hp Stream 11 Intel Celeron D C  4GB RAM- 64GB HDD WIN 10+ MOUSE,200900.0,103500.0,4.1,Hp,Intel Celeron,4GB RAM,HDD,4GB
Lenovo Ideapad 4GBRAM 500 HDD Intel Celeron Dual Core Windows 10 +free Mouse,215000.0,187000.0,4.3,Lenovo,Intel Celeron,,HDD,4GB
Hp CHROMEBOOK 11 CELERON 4GB RAM 16GB WINS 10,140000.0,99999.0,4.7,Hp,,4GB RAM,,4GB
Lenovo Ideapad  Intel Celeron 1TB HDD 4GB RAM Win 10 PRO + Free Bag,219900.0,197800.0,4.3,Lenovo,Intel Celeron,4GB RAM,HDD,1TB
Hp Stream 11 Intel Celeron 4GB RAM- 64GB SSD - WIN 10+ USB Light For Keyboard+ Mouse,125000.0,100000.0,3.3,Hp,Intel Celeron,4GB RAM,SSD,4GB
"Hp PROBOOK 11 X360, TOUCHSCREEN, 4GB RAM, 128GB SSD, INTEL PENTIUM, Windows 10  + Keyboard Flashlight",200000.0,180000.0,4.7,Hp,,4GB RAM,SSD,4GB
Hp EliteBook 840 G5 Intel Core I5- 8GB RAM 512GB SSD Backlit Keyboard FP Reader Windows 11 Pro + BAG,550000.0,360000.0,4.8,Hp,Intel Core,8GB RAM,SSD,8GB
Hp Stream 11 Pro- Intel Celeron - 4GB RAM - 64GB SSD Windows 10 Pro+ Mouse & USB LIGHT FOR Keyboard,390000.0,103000.0,4.4,Hp,Intel Celeron,4GB RAM,SSD,4GB
Lenovo AMD RYZEN 3 3250U 1TB HDD 8GB RAM -Wins 10+ Mouse,278550.0,260000.0,4.2,Lenovo,Lenovo AMD,8GB RAM,HDD,1TB
Hp EliteBook 840 G5 Intel Core I5-16GB RAM 1TB SSD Backlit Keyboard FP Reader Wins 11 Pro Laptop +BAG,550300.0,375000.0,3.7,Hp,Intel Core,16GB RAM,SSD,16GB
"DELL Latitude 3150 Intel Pentium 8GB RAM, 500GB HDD Windows 10 + Keyboard Flash Light",210000.0,170000.0,4.3,DELL,Intel Pentium,8GB RAM,HDD,8GB
Lenovo Ideapad 15 Inch Intel® Celeron® 4GB RAM DDR4 - 256 SSD Windows 11 +USB LIGHT & 32GB Flash,290000.0,250000.0,3.5,Lenovo,,4GB RAM,SSD,4GB
Hp Stream 11 Laptop-  Intel Celeron - 64GB SSD 4GB RAM Windows 10 PRO+ Mouse &USB Light For Keyboard,170000.0,103000.0,4.1,Hp,Intel Celeron,4GB RAM,SSD,64GB
"Asus TUF DASH INTEL CORE I5, 16GB RAM, 512GB SSD 15.6"" GTX 1650 (4GB) WINS 10",850000.0,733500.0,4.5,Asus,,16GB RAM,SSD,16GB
Hp Stream 11 Laptop- Intel Celeron - 64GB SSD 4GB RAM Windows 10 PRO+ Mouse & USB Light For Keyboard,214999.0,103000.0,3.9,Hp,Intel Celeron,4GB RAM,SSD,64GB
Hp Stream 11 Pro G5 Intel Celeron Touchscreen   4GB DDR4 RAM 128GB SSD WIN 10 Pro + Flash,250000.0,130000.0,3.2,Hp,Intel Celeron,4GB DDR4,SSD,4GB
Hp EliteBook 840 G5 Intel Core I5- 16GB RAM 256GB SSD Backlit Keyboard FP Reader Windows 11 Pro + BAG,390000.0,350000.0,4.1,Hp,Intel Core,16GB RAM,SSD,16GB
"Hp 14 Intel Celeron N4020 8GB 1TB HDD 14"" Wins 10",262000.0,239000.0,4.8,Hp,Intel Celeron,,HDD,8GB
Lenovo Ideapad Intel Celeron (4GB RAM 500GB HDD) Wins 10+ 32GB FLASH,196000.0,185000.0,4.7,Lenovo,Intel Celeron,4GB RAM,HDD,4GB
Hp Notebook 15 INTEL CELERON 16GB RAM -1TB HDD Windows 11+USB Light For Keyboard & HP Mouse,390000.0,348000.0,4.5,Hp,,16GB RAM,HDD,16GB
Hp EliteBook 840 Intel Core I7- 16GB RAM 512GB SSD Backlit Keyboard FP Reader Windows 11 Pro + BAG,690000.0,515000.0,4.3,Hp,Intel Core,16GB RAM,SSD,16GB
Hp Stream 11 Intel Celeron Quad Core 4GB RAM   64GB SSD Windows 10 + USD LIGHT & POUCH,220000.0,103000.0,3.9,Hp,Intel Celeron,4GB RAM,SSD,4GB
"Hp 15 Intel Pentium Silver (8GB RAM,1 TB HDD),Wins10",325000.0,290000.0,4.2,Hp,Intel Pentium,8GB RAM,HDD,8GB
Hp Stream 11 Intel Celeron Quad Core 4GB RAM   64GB SSD Windows 10 + USD LIGHT,399000.0,103000.0,3.7,Hp,Intel Celeron,4GB RAM,SSD,4GB
Hp Laptop 15 INTEL CELERON Quad Core 8GB RAM -1TB HDD Windows 11 + USB Light For Keyboard,401999.0,280000.0,3.3,Hp,Quad Core,8GB RAM,HDD,8GB
Hp EliteBook 840 G5 Intel Core I5-8GB RAM 256GB SSD Backlit Keyboard FP Reader Wins 11 Laptop +BAG,500000.0,350000.0,4.4,Hp,Intel Core,8GB RAM,SSD,8GB
Hp ProBook 11 X360- TOUCH- 128GB SSD 4GB RAM-Intel CELERON QUAD CORE WIN10 Pro +Mouse &USB Light,195000.0,184000.0,4.3,Hp,Intel CELERON QUAD CORE,4GB RAM,SSD,128GB
Hp Laptop 15 INTEL CELERON Quad Core 8GB RAM -1TB HDD Windows 10 PRO + USB Light For Keyboard,300999.0,300000.0,3.3,Hp,Quad Core,8GB RAM,HDD,8GB
Hp Stream 11 Intel Celeron 4GB RAM- 64GB SSD WIN 10+ USB LIGHT FOR KEYBOARD,140900.0,130000.0,2.5,Hp,Intel Celeron,4GB RAM,SSD,4GB
"Lenovo Ideapad Intel Celeron 4GB RAM 1TB HDD 15.6"" Windows 10",215000.0,193000.0,4.5,Lenovo,Intel Celeron,4GB RAM,HDD,4GB
Hp EliteBook 840 G5 Intel Core I5-16GB RAM 1TB SSD Backlit Keyboard FP Reader Wins 11 Pro Laptop +BAG,584400.0,375000.0,4.7,Hp,Intel Core,16GB RAM,SSD,16GB
"Lenovo Intel Celeron, 128GB, 4GB, Wins 10 Mini Laptop 11.6 Inches",186000.0,175000.0,4.5,Lenovo,Intel Celeron,,,128GB
"itel Able 1 Intel® Celeron™ N3350, 4GB RAM 1TB HDD 14"" Wins 10+ Wireless Mouse",187500.0,165000.0,4.5,itel,,4GB RAM,HDD,4GB
Hp EliteBook 840 G5 Intel Core I5-16GB RAM 1TB SSD Backlit Keyboard FP Reader Windows 11 Pro,440000.0,395000.0,4.5,Hp,Intel Core,16GB RAM,SSD,16GB
PU Leather Waterproof Mouse Pad:For Laptop Users 90x45cm,11200.0,8900.0,3.7,PU,,,,
Hp Notebook 15 - Intel Core I3 -8GB RAM 1TB HDD 11TH GEN- Windows 11 +USB Light For Keyboard & Mouse,400999.0,400000.0,3.5,Hp,Intel Core,8GB RAM,HDD,8GB
Hp EliteBook 840 G5 Intel Core I5-8GB RAM 256GB SSD Backlit Keyboard FP Reader Wins 11 Laptop +BAG,500000.0,350000.0,4.5,Hp,Intel Core,8GB RAM,SSD,8GB
Hp EliteBook 840 G5 Intel Core I5-16GB RAM 1TB SSD Backlit Keyboard FP Reader Windows 11 Pro + BAG,550000.0,375000.0,4.3,Hp,Intel Core,16GB RAM,SSD,16GB
Hp EliteBook 840 Intel Core I7- 16GB RAM 1TB SSD Backlit Keyboard FP Reader Windows 11 Pro + BAG,780000.0,550000.0,4.4,Hp,Intel Core,16GB RAM,SSD,16GB
Hp Stream 11 Pro- Intel Celeron- Education Edition - 4GB RAM - 64GB HDD Windows 10 Pro+ BAG,170000.0,103000.0,3.7,Hp,Intel Celeron,4GB RAM,HDD,4GB
"Hp 14 Intel Core I3-10110U (12gb Ram, 1TB HDD) 14"" Wins 10 + Mouse",399000.0,375700.0,4.3,Hp,Intel Core,,HDD,1TB
Hp Stream 11 Intel Celeron D C  4GB RAM- 64GB SSD WIN 10+ MOUSE,170000.0,103500.0,3.2,Hp,Intel Celeron,4GB RAM,SSD,4GB
Hp EliteBook 840 G5 Intel Core I5- TOUCH 12GB RAM 1TB SSD Backlit Keyboard FP Reader Windows 11 Pro,966000.0,400000.0,4.7,Hp,Intel Core,12GB RAM,SSD,12GB
Hp ProBook 11 X360- TOUCH- 256GB SSD 4GB RAM-Intel CELERON QUAD CORE WIN10 Pro +Mouse &USB Light,300000.0,190000.0,4.1,Hp,Intel CELERON QUAD CORE,4GB RAM,SSD,256GB
Hp EliteBook 840 G5 Intel Core I5-16GB RAM 1TB SSD Backlit Keyboard FP Reader Windows 11 Pro + BAG,550000.0,375000.0,4.5,Hp,Intel Core,16GB RAM,SSD,16GB
Hp EliteBook 840 G5 Intel Core I5-16GB RAM 1TB SSD Backlit Keyboard FP Reader Wins 11 Pro Laptop +BAG,750000.0,375000.0,3.8,Hp,Intel Core,16GB RAM,SSD,16GB
Hp EliteBook 840 G5 Intel Core I5-8GB RAM 1TB SSD Backlit Keyboard FP Reader Windows 11 Pro + BAG,580000.0,375000.0,4.5,Hp,Intel Core,8GB RAM,SSD,8GB
Hp ProBook 11 X360- TOUCH- 128GB SSD 4GB RAM-Intel CELERON QUAD CORE WIN10 Pro +Mouse &USB Light,200000.0,190000.0,3.5,Hp,Intel CELERON QUAD CORE,4GB RAM,SSD,128GB
Lenovo Ideapad Intel Celeron 4GB Ram 500GB HDD)N 4000 Wins 10+ 32GB FLASH DRIVE,200500.0,185800.0,3.8,Lenovo,Intel Celeron,,HDD,4GB
Hp ProBook11 X360 ConvertibleTouchscreen Intel Celeron-4GB DDR4 256GB SSD Win 10 Pro + MOUSE,550000.0,165000.0,4.5,Hp,Intel Celeron,4GB DDR4,SSD,4GB
"Lenovo Ideapad Intel Celeron 4GB RAM 1TB HDD 15.6"" Wins 10pro+ Mouse",197000.0,183700.0,4.7,Lenovo,Intel Celeron,4GB RAM,HDD,4GB
Hp EliteBook 840 G5 Intel Core I5- 12GB RAM 256GB SSD Backlit Keyboard FP Reader Windows 11 Pro + BAG,390000.0,360000.0,4.4,Hp,Intel Core,12GB RAM,SSD,12GB
Hp Stream 11 Pro - 64GB SSD- Intel Celeron  4GB DDR4 RAM WIN10 Pro + USB Light For Keyboard&Mouse,170000.0,103500.0,4.8,Hp,Intel Celeron,4GB DDR4,SSD,64GB
"Hp PAVILION GAMING 15 11TH GEN INTEL CORE I5 8GB RAM 512GB SSD RTX 3050 15.6"" FHD WINS 11",930000.0,890000.0,4.6,Hp,,8GB RAM,SSD,8GB
"Hp 15 Touchscreen Intel Core I3-(8GB Ram,1TB HDD) Windows 10",425000.0,410000.0,4.4,Hp,Intel Core,,HDD,8GB
Hp EliteBook 840 G5 Intel Core I5-16GB RAM 1TB SSD Backlit Keyboard FP Reader Windows 11 Pro,669000.0,395000.0,4.3,Hp,Intel Core,16GB RAM,SSD,16GB
Hp EliteBook 840 G5 Intel Core I5- 16GB RAM 512GB SSD Backlit Keyboard FP Reader Windows 11 Pro +MOUSE,450000.0,395000.0,4.1,Hp,Intel Core,16GB RAM,SSD,16GB
Hp EliteBook 840 G5 Intel Core I5- 12GB RAM 512GB SSD Backlit Keyboard FP Reader Windows 11 Pro + BAG,493000.0,370000.0,4.3,Hp,Intel Core,12GB RAM,SSD,12GB
"Hp 14 10th Gen Intel Core I3 2.1 To 4.1Ghz (8gb Ram, 1TB HDD) Wins 10",377000.0,365000.0,4.4,Hp,Intel Core,,HDD,1TB
Hp EliteBook 840 G5 Intel Core I5-16GB RAM 512GB SSD Backlit Keyboard FP Reader Wins 11 Laptop +BAG,600000.0,360000.0,3.5,Hp,Intel Core,16GB RAM,SSD,16GB
Hp Stream 11Celeron -64GB 4GB RAM Windows 10+ 32GB Flash Drive,125000.0,100000.0,3.7,Hp,,4GB RAM,,64GB
Hp Laptop 15 INTEL CELERON Quad Core 16GB RAM -1TB HDD Windows 11 + USB Light For Keyboard,356000.0,340000.0,4.3,Hp,Quad Core,16GB RAM,HDD,16GB
Hp Stream 11 Intel Celeron 4GB RAM- 64GB SSD WIN 10+ USB LIGHT FOR KEYBOARD,690000.0,103000.0,3.3,Hp,Intel Celeron,4GB RAM,SSD,4GB
Hp ProBook 11 X360- TOUCH- 512GB SSD 4GB RAM-Intel CELERON QUAD CORE WIN10 Pro +Mouse &USB Light,210000.0,190000.0,3.5,Hp,Intel CELERON QUAD CORE,4GB RAM,SSD,512GB
Hp Pavilion 14 2-in-1 11th Gen-Core-i3 512SSD 16GB  Touchscreen,840000.0,740000.0,4.5,Hp,,,SSD,16GB
Hp EliteBook 840 G5 Intel Core I5-16GB RAM 1TB SSD Backlit Keyboard FP Reader Windows 11 Pro + BAG,580000.0,375000.0,4.3,Hp,Intel Core,16GB RAM,SSD,16GB
Hp Stream 11 Intel Celeron - 64GB SSD 4GB RAM Windows 10 PRO+ Mouse & USB Light For Keyboard,180000.0,103500.0,4.3,Hp,Intel Celeron,4GB RAM,SSD,64GB
Hp EliteBook 840 Intel Core I7- 16GB RAM 1TB SSD Backlit Keyboard FP Reader Windows 11 Pro + BAG,750000.0,550000.0,4.6,Hp,Intel Core,16GB RAM,SSD,16GB
Hp EliteBook 840 G5 Intel Core I5-16GB RAM 1TB SSD Backlit Keyboard FP Reader Windows 11 Pro + BAG,550000.0,375000.0,4.3,Hp,Intel Core,16GB RAM,SSD,16GB
Hp EliteBook 840 G5 Intel Core I5- TOUCH 8GB RAM 512GB SSD Backlit Keyboard FP Reader Windows 11 Pro,500000.0,370000.0,4.3,Hp,Intel Core,8GB RAM,SSD,8GB
"DELL Latitude 3160 Touch Screen Intel Celeron 4GB RAM, 128ssd  Windows 10 + Keyboard Flash Light",200000.0,135000.0,2.8,DELL,Intel Celeron,4GB RAM,,4GB
Hp EliteBook 840 G5 Intel Core I5- TOUCH 12GB RAM 1TB SSD Backlit Keyboard FP Reader Windows 11 Pro,700000.0,400000.0,3.9,Hp,Intel Core,12GB RAM,SSD,12GB
Hp 15 Touchscreen Intel Core I3-10110U 12GB RAM 1TB HDD Win 10,435000.0,419999.0,3.7,Hp,Intel Core,12GB RAM,HDD,12GB
Hp EliteBook 840 Intel Core I7- 16GB RAM 1TB SSD Backlit Keyboard FP Reader Windows 11 Pro + BAG,750000.0,550000.0,4.3,Hp,Intel Core,16GB RAM,SSD,16GB
DELL Vostro 15-inch Laptop- Intel Core I3- 8GB RAM 11th GEN 512 SSD - Windows 11+USB Light For Keyboard,588000.0,489999.0,3.7,DELL,Intel Core,8GB RAM,SSD,8GB
Hp ProBook 11 X360- TOUCH- 128GB SSD 4GB RAM-Intel CELERON QUAD CORE WIN10 Pro +Mouse &USB Light,200000.0,190000.0,4.1,Hp,Intel CELERON QUAD CORE,4GB RAM,SSD,128GB
Hp EliteBook 840 G5 Intel Core I5-16GB RAM 512GB SSD Backlit Keyboard FP Reader Wins 11 Laptop +BAG,500000.0,360000.0,4.3,Hp,Intel Core,16GB RAM,SSD,16GB
Hp EliteBook 840 Intel Core I7- 16GB RAM 512GB SSD Backlit Keyboard FP Reader Windows 11 Pro + BAG,622999.0,515000.0,3.9,Hp,Intel Core,16GB RAM,SSD,16GB
Hp ProBook 11 X360- TOUCH- 256GB SSD 4GB RAM-Intel CELERON QUAD CORE WIN10 Pro +Mouse &USB Light,200000.0,184000.0,3.9,Hp,Intel CELERON QUAD CORE,4GB RAM,SSD,256GB
Hp EliteBook 840 G5 Intel Core I5-16GB RAM 1TB SSD Backlit Keyboard FP Reader Wins 11 Pro Laptop +BAG,500000.0,375000.0,3.5,Hp,Intel Core,16GB RAM,SSD,16GB
Hp EliteBook 840 G5 Intel Core I5-16GB RAM 1TB SSD Backlit Keyboard FP Reader Windows 11 Pro + BAG,550000.0,375000.0,4.1,Hp,Intel Core,16GB RAM,SSD,16GB
"Hp 250 G8 Intel Celeron N4020, 8GB RAM, 1TB HDD, 15.6"", Wins 10 + LED Lamp",275000.0,254900.0,4.4,Hp,Intel Celeron,8GB RAM,HDD,8GB
Hp ProBook 11 X360- TOUCH- 256GB SSD 4GB RAM-Intel CELERON QUAD CORE WIN10 Pro +Mouse &USB Light,200000.0,184000.0,4.2,Hp,Intel CELERON QUAD CORE,4GB RAM,SSD,256GB
Hp ProBook 11 X360- TOUCH- 128GB SSD 4GB RAM-Intel CELERON QUAD CORE WIN10 Pro +Mouse &USB Light,185000.0,184000.0,4.2,Hp,Intel CELERON QUAD CORE,4GB RAM,SSD,128GB
Hp EliteBook 840 G5 Intel Core I5- 12GB RAM 1TB SSD Backlit Keyboard FP Reader Windows 11 Pro + BAG,590000.0,385000.0,4.2,Hp,Intel Core,12GB RAM,SSD,12GB
Hp EliteBook 840 G5 Intel Core I5-8GB RAM 512GB SSD Backlit Keyboard FP Reader Wins 11 Laptop +BAG,600000.0,360000.0,4.3,Hp,Intel Core,8GB RAM,SSD,8GB
Hp EliteBook 840 G5 Intel Core I5-16GB RAM 512GB SSD Backlit Keyboard FP Reader Windows 11 Pro + BAG,550000.0,360000.0,4.5,Hp,Intel Core,16GB RAM,SSD,16GB
"Hp Pavilion 14 X360 Intel Core I3(8GB.,1TB)Touch,14.1-Inch"" Wins10",765000.0,740700.0,4.8,Hp,Intel Core,,,8GB
Hp EliteBook 840 G5 Intel Core I5-16GB RAM 1TB SSD Backlit Keyboard FP Reader Windows 11 Pro + BAG,550000.0,375000.0,4.6,Hp,Intel Core,16GB RAM,SSD,16GB
Hp EliteBook 840 G5 Intel Core I5-16GB RAM 512GB SSD Backlit Keyboard FP Reader Windows 11 Pro + BAG,550000.0,360000.0,4.7,Hp,Intel Core,16GB RAM,SSD,16GB
Lenovo Ideapad 14-inch - AMD Quad Core 64GB SSD - 4GB RAM Windows 10 + 32GB Flash & USB Light For Keyboard,198000.0,179999.0,4.3,Lenovo,Quad Core,4GB RAM,SSD,64GB
Hp EliteBook 840 Intel Core I7- 16GB RAM 512GB SSD Backlit Keyboard FP Reader Windows 11 Pro + BAG,695000.0,515000.0,3.8,Hp,Intel Core,16GB RAM,SSD,16GB
Hp EliteBook 840 G5 Intel Core I5-16GB RAM 512GB SSD Backlit Keyboard FP Reader Windows 11 Pro + BAG,550000.0,360000.0,4.3,Hp,Intel Core,16GB RAM,SSD,16GB
Hp EliteBook 840 G5 Intel Core I5-16GB RAM 256GB SSD Backlit Keyboard FP Reader Windows 11 Pro + BAG,550000.0,370000.0,4.7,Hp,Intel Core,16GB RAM,SSD,16GB
Hp EliteBook 840 G5 Intel Core I5-16GB RAM 512GB SSD Backlit Keyboard FP Reader Wins 11 Laptop +BAG,590000.0,360000.0,3.5,Hp,Intel Core,16GB RAM,SSD,16GB
Hp Stream 11 Intel Celeron - 64GB SSD 4GB RAM Windows 10 + Mouse & USB Light For Keyboard,125000.0,103000.0,4.1,Hp,Intel Celeron,4GB RAM,SSD,64GB
Hp EliteBook 840 G5 Intel Core I5- 16GB RAM 512GB SSD Backlit Keyboard FP Reader Windows 11 Pro +MOUSE,528000.0,385000.0,4.6,Hp,Intel Core,16GB RAM,SSD,16GB
Hp 15 Intel Celeron N4020 8GB RAM 1TB HDD Windows 10 + Mouse,265000.0,250500.0,4.8,Hp,Intel Celeron,8GB RAM,HDD,8GB
Hp EliteBook 840 Intel Core I7- 16GB RAM 1TB SSD Backlit Keyboard FP Reader Windows 11 Pro + BAG,830000.0,550000.0,4.4,Hp,Intel Core,16GB RAM,SSD,16GB
Hp ProBook 11 X360- TOUCH- 128GB SSD 4GB RAM-Intel CELERON QUAD CORE WIN10 Pro +Mouse &USB Light,250000.0,190000.0,3.6,Hp,Intel CELERON QUAD CORE,4GB RAM,SSD,128GB
Hp EliteBook 840 G5 Intel Core I5- 16GB RAM 512GB SSD Backlit Keyboard FP Reader Windows 11 Pro +MOUSE,551350.0,395000.0,3.5,Hp,Intel Core,16GB RAM,SSD,16GB
Hp Stream 11 Intel Celeron - 64GB SSD 4GB RAM Windows 10 PRO+ Mouse & USB Light For Keyboard,170000.0,103500.0,4.3,Hp,Intel Celeron,4GB RAM,SSD,64GB
Hp EliteBook 840 G5 Intel Core I5-16GB RAM 1TB SSD Backlit Keyboard FP Reader Wins 11 Pro Laptop +BAG,600000.0,375000.0,4.5,Hp,Intel Core,16GB RAM,SSD,16GB
Hp EliteBook 840 G5 Intel Core I5- 12GB RAM 256GB SSD Backlit Keyboard FP Reader Windows 11 Pro + BAG,450000.0,360000.0,3.5,Hp,Intel Core,12GB RAM,SSD,12GB
Hp EliteBook 840 G5 Intel Core I5- 16GB RAM 512GB SSD Backlit Keyboard FP Reader Windows 11 Pro +MOUSE,458000.0,385000.0,3.8,Hp,Intel Core,16GB RAM,SSD,16GB
Hp EliteBook 840 G5 Intel Core I5- 16GB RAM 256GB SSD Backlit Keyboard FP Reader Windows 11 Pro + BAG,580000.0,370000.0,4.5,Hp,Intel Core,16GB RAM,SSD,16GB
"Hp 15 Touchscreen Intel Core I3-10110U,8GB,1TB HDD,Wins 10 + Free Mouse",499000.0,405000.0,4.3,Hp,Intel Core,,HDD,8GB
Hp EliteBook 840 G5 Intel Core I5-16GB RAM 256GB SSD Backlit Keyboard FP Reader Windows 11 Pro + BAG,550000.0,370000.0,4.3,Hp,Intel Core,16GB RAM,SSD,16GB
"DELL Precision 3561 11th Gen Intel Core I5 512 SSD,16GB RAM Backlit Keys Wins 10 Pro+ Free Bag",699000.0,690500.0,4.5,DELL,Intel Core,16GB RAM,SSD,16GB
Hp EliteBook 840 G5 Intel Core I5- 12GB RAM 512GB SSD Backlit Keyboard FP Reader Windows 11 Pro + BAG,550000.0,370000.0,4.5,Hp,Intel Core,12GB RAM,SSD,12GB
"Hp CHROMEBOOK 14 X360, TOUCHSCREEN,INTEL CELERON,4GB RAM,32GB SSD + KEYBOARD FLASHLIGHT",300000.0,200000.0,4.5,Hp,,4GB RAM,SSD,4GB
Hp EliteBook 840 G5 Intel Core I5-16GB RAM 512GB SSD Backlit Keyboard FP Reader Windows 11 Pro + BAG,550000.0,360000.0,4.2,Hp,Intel Core,16GB RAM,SSD,16GB
Hp EliteBook 840 G5 Intel Core I5-16GB RAM 512GB SSD Backlit Keyboard FP Reader Wins 11 Laptop +BAG,500000.0,360000.0,4.5,Hp,Intel Core,16GB RAM,SSD,16GB
Hp EliteBook 840 G5 Intel Core I5-16GB RAM 512GB SSD Backlit Keyboard FP Reader Windows 11 Pro + BAG,550000.0,360000.0,3.9,Hp,Intel Core,16GB RAM,SSD,16GB
Hp EliteBook 840 G5 Intel Core I5-8GB RAM 512GB SSD Backlit Keyboard FP Reader Wins 11 Laptop +BAG,520000.0,360000.0,4.5,Hp,Intel Core,8GB RAM,SSD,8GB
Hp EliteBook 840 G5 Intel Core I5-16GB RAM 1TB SSD Backlit Keyboard FP Reader Windows 11 Pro,690000.0,395000.0,1.5,Hp,Intel Core,16GB RAM,SSD,16GB
"Lenovo Intel Celeron 4gb, 128gb, Wins 10 11.6"" + Free Mouse",185000.0,175500.0,1.5,Lenovo,Intel Celeron,,,
Hp ProBook 11 X360- TOUCH- 128GB SSD 4GB RAM-Intel CELERON QUAD CORE WIN10 Pro +Mouse &USB Light,195000.0,184000.0,3.5,Hp,Intel CELERON QUAD CORE,4GB RAM,SSD,128GB
Hp Stream 11 Intel Celeron 4GB RAM- 64GB SSD - WIN 10+ USB Light,125000.0,100000.0,4.3,Hp,Intel Celeron,4GB RAM,SSD,4GB
Hp EliteBook 840 G5 Intel Core I5- 8GB RAM 512GB SSD Backlit Keyboard FP Reader Windows 11 Pro + BAG,490000.0,360000.0,4.2,Hp,Intel Core,8GB RAM,SSD,8GB
Hp 250 G8 11th Gen Intel Core I7 (1TB HDD 16GB RAM) Wins 10 Pro,730000.0,689000.0,4.5,Hp,Intel Core,16GB RAM,HDD,1TB
Hp Stream 11 Intel Celeron Quad Core 4GB RAM   64GB SSD Windows 10 + USD LIGHT,570000.0,103000.0,4.2,Hp,Intel Celeron,4GB RAM,SSD,4GB
Hp ProBook 11 X360- TOUCH- 128GB SSD 4GB RAM-Intel CELERON QUAD CORE WIN10 Pro +Mouse &USB Light,200000.0,190000.0,3.8,Hp,Intel CELERON QUAD CORE,4GB RAM,SSD,128GB
Lenovo Ideapad 14-inch - AMD Quad Core 64GB SSD - 4GB RAM Windows 10,450000.0,179999.0,3.2,Lenovo,Quad Core,4GB RAM,SSD,64GB
Hp EliteBook 840 G5 Intel Core I5- 16GB RAM 512GB SSD Backlit Keyboard FP Reader Windows 11 Pro +MOUSE,940000.0,395000.0,3.5,Hp,Intel Core,16GB RAM,SSD,16GB
Hp EliteBook 840 G5 Intel Core I5-16GB RAM 512GB SSD Backlit Keyboard FP Reader Windows 11 Pro + BAG,560000.0,360000.0,4.8,Hp,Intel Core,16GB RAM,SSD,16GB
Hp ProBook 11 X360- TOUCH Intel Celeron 256GB 4GB RAM WIN10 Pro+ USB LIGHT FOR KEYBOARD,650000.0,200000.0,3.9,Hp,Intel Celeron,4GB RAM,,256GB
Hp 15 AMD ATHLON SILVER 12GB RAM 1TB HDD Windows 10 + Free Mouse,325000.0,280700.0,4.1,Hp,15 AMD,12GB RAM,HDD,12GB
Hp ProBook 11 X360- TOUCH- 128GB SSD 4GB RAM-Intel CELERON QUAD CORE WIN10 Pro +Mouse &USB Light,200000.0,190000.0,4.5,Hp,Intel CELERON QUAD CORE,4GB RAM,SSD,128GB
Hp ProBook 11 X360- TOUCH- 128GB SSD 4GB RAM-Intel CELERON QUAD CORE WIN10 Pro +Mouse &USB Light,200000.0,190000.0,4.3,Hp,Intel CELERON QUAD CORE,4GB RAM,SSD,128GB
